message;severity;node;stamp;location
"Oh no! I hit the wall! (Clamping from [x=9.203973, y=-0.011988])";"30";"turtlesim3.sim";"1758539726.839230072";"./src/turtle.cpp:update:288"
"Oh no! I hit the wall! (Clamping from [x=9.174303, y=-0.011988])";"30";"turtlesim3.sim";"1758539726.823155350";"./src/turtle.cpp:update:288"
"Oh no! I hit the wall! (Clamping from [x=9.203973, y=-0.011988])";"30";"turtlesim2.sim";"1758539726.819717346";"./src/turtle.cpp:update:288"
"Oh no! I hit the wall! (Clamping from [x=9.144633, y=-0.011988])";"30";"turtlesim3.sim";"1758539726.807021843";"./src/turtle.cpp:update:288"
"Oh no! I hit the wall! (Clamping from [x=9.174303, y=-0.011988])";"30";"turtlesim2.sim";"1758539726.803916056";"./src/turtle.cpp:update:288"
"Oh no! I hit the wall! (Clamping from [x=9.114964, y=-0.011988])";"30";"turtlesim3.sim";"1758539726.791862423";"./src/turtle.cpp:update:288"
"Oh no! I hit the wall! (Clamping from [x=9.144633, y=-0.011988])";"30";"turtlesim2.sim";"1758539726.787800386";"./src/turtle.cpp:update:288"
"Oh no! I hit the wall! (Clamping from [x=9.085294, y=-0.011988])";"30";"turtlesim3.sim";"1758539726.775896465";"./src/turtle.cpp:update:288"
"Oh no! I hit the wall! (Clamping from [x=9.203973, y=-0.011988])";"30";"turtlesim1.sim";"1758539726.774010698";"./src/turtle.cpp:update:288"
"Oh no! I hit the wall! (Clamping from [x=9.114964, y=-0.011988])";"30";"turtlesim2.sim";"1758539726.771857585";"./src/turtle.cpp:update:288"
"Oh no! I hit the wall! (Clamping from [x=9.085294, y=-0.011988])";"30";"turtlesim2.sim";"1758539726.756509058";"./src/turtle.cpp:update:288"
"Oh no! I hit the wall! (Clamping from [x=9.025955, y=-0.011988])";"30";"turtlesim3.sim";"1758539726.743409797";"./src/turtle.cpp:update:288"
"Oh no! I hit the wall! (Clamping from [x=9.144633, y=-0.011988])";"30";"turtlesim1.sim";"1758539726.742483548";"./src/turtle.cpp:update:288"
"Oh no! I hit the wall! (Clamping from [x=9.055625, y=-0.011988])";"30";"turtlesim2.sim";"1758539726.739986947";"./src/turtle.cpp:update:288"
"Oh no! I hit the wall! (Clamping from [x=8.996286, y=-0.011988])";"30";"turtlesim3.sim";"1758539726.727306973";"./src/turtle.cpp:update:288"
"Oh no! I hit the wall! (Clamping from [x=9.114964, y=-0.011988])";"30";"turtlesim1.sim";"1758539726.726332033";"./src/turtle.cpp:update:288"
"Oh no! I hit the wall! (Clamping from [x=9.025955, y=-0.011988])";"30";"turtlesim2.sim";"1758539726.724242678";"./src/turtle.cpp:update:288"
"Oh no! I hit the wall! (Clamping from [x=8.966616, y=-0.011988])";"30";"turtlesim3.sim";"1758539726.711205270";"./src/turtle.cpp:update:288"
"Oh no! I hit the wall! (Clamping from [x=9.085294, y=-0.011988])";"30";"turtlesim1.sim";"1758539726.710207087";"./src/turtle.cpp:update:288"
"Oh no! I hit the wall! (Clamping from [x=8.996286, y=-0.011988])";"30";"turtlesim2.sim";"1758539726.708073286";"./src/turtle.cpp:update:288"
"Oh no! I hit the wall! (Clamping from [x=8.936947, y=-0.011988])";"30";"turtlesim3.sim";"1758539726.696082722";"./src/turtle.cpp:update:288"
"Oh no! I hit the wall! (Clamping from [x=8.936947, y=-0.011988])";"30";"turtlesim2.sim";"1758539726.676231072";"./src/turtle.cpp:update:288"
"Oh no! I hit the wall! (Clamping from [x=8.758929, y=-0.011988])";"30";"turtlesim2.sim";"1758539726.580086254";"./src/turtle.cpp:update:288"
"Oh no! I hit the wall! (Clamping from [x=8.699590, y=-0.011988])";"30";"turtlesim3.sim";"1758539726.567221032";"./src/turtle.cpp:update:288"
"Oh no! I hit the wall! (Clamping from [x=8.818268, y=-0.011988])";"30";"turtlesim1.sim";"1758539726.566215640";"./src/turtle.cpp:update:288"
"Oh no! I hit the wall! (Clamping from [x=8.729260, y=-0.011988])";"30";"turtlesim2.sim";"1758539726.564292071";"./src/turtle.cpp:update:288"
"Oh no! I hit the wall! (Clamping from [x=8.669921, y=-0.011988])";"30";"turtlesim3.sim";"1758539726.551450670";"./src/turtle.cpp:update:288"
"Oh no! I hit the wall! (Clamping from [x=8.788599, y=-0.011988])";"30";"turtlesim1.sim";"1758539726.550590788";"./src/turtle.cpp:update:288"
"Oh no! I hit the wall! (Clamping from [x=8.699590, y=-0.011988])";"30";"turtlesim2.sim";"1758539726.548460986";"./src/turtle.cpp:update:288"
"Oh no! I hit the wall! (Clamping from [x=8.640251, y=-0.011988])";"30";"turtlesim3.sim";"1758539726.535250741";"./src/turtle.cpp:update:288"
"Oh no! I hit the wall! (Clamping from [x=8.758929, y=-0.011988])";"30";"turtlesim1.sim";"1758539726.534488943";"./src/turtle.cpp:update:288"
"Oh no! I hit the wall! (Clamping from [x=8.669921, y=-0.011988])";"30";"turtlesim2.sim";"1758539726.532075091";"./src/turtle.cpp:update:288"
"Oh no! I hit the wall! (Clamping from [x=8.610582, y=-0.011988])";"30";"turtlesim3.sim";"1758539726.519064469";"./src/turtle.cpp:update:288"
"Oh no! I hit the wall! (Clamping from [x=8.046860, y=-0.011988])";"30";"turtlesim3.sim";"1758539726.215550866";"./src/turtle.cpp:update:288"
"Oh no! I hit the wall! (Clamping from [x=8.165538, y=-0.011988])";"30";"turtlesim1.sim";"1758539726.214832948";"./src/turtle.cpp:update:288"
"Oh no! I hit the wall! (Clamping from [x=8.076530, y=-0.011988])";"30";"turtlesim2.sim";"1758539726.212053172";"./src/turtle.cpp:update:288"
"Oh no! I hit the wall! (Clamping from [x=8.017190, y=-0.011988])";"30";"turtlesim3.sim";"1758539726.199954540";"./src/turtle.cpp:update:288"
"Oh no! I hit the wall! (Clamping from [x=8.135869, y=-0.011988])";"30";"turtlesim1.sim";"1758539726.198183577";"./src/turtle.cpp:update:288"
"Oh no! I hit the wall! (Clamping from [x=8.046860, y=-0.011988])";"30";"turtlesim2.sim";"1758539726.196068294";"./src/turtle.cpp:update:288"
"Oh no! I hit the wall! (Clamping from [x=7.987521, y=-0.011988])";"30";"turtlesim3.sim";"1758539726.183848800";"./src/turtle.cpp:update:288"
"Oh no! I hit the wall! (Clamping from [x=8.106199, y=-0.011988])";"30";"turtlesim1.sim";"1758539726.181872104";"./src/turtle.cpp:update:288"
"Oh no! I hit the wall! (Clamping from [x=8.017190, y=-0.011988])";"30";"turtlesim2.sim";"1758539726.179980914";"./src/turtle.cpp:update:288"
"Oh no! I hit the wall! (Clamping from [x=7.957851, y=-0.000637])";"30";"turtlesim3.sim";"1758539726.167126279";"./src/turtle.cpp:update:288"
"Oh no! I hit the wall! (Clamping from [x=8.076530, y=-0.011988])";"30";"turtlesim1.sim";"1758539726.166228064";"./src/turtle.cpp:update:288"
"Oh no! I hit the wall! (Clamping from [x=7.987521, y=-0.011988])";"30";"turtlesim2.sim";"1758539726.164037571";"./src/turtle.cpp:update:288"
"Oh no! I hit the wall! (Clamping from [x=8.046860, y=-0.011988])";"30";"turtlesim1.sim";"1758539726.150203603";"./src/turtle.cpp:update:288"
"Oh no! I hit the wall! (Clamping from [x=7.957851, y=-0.000637])";"30";"turtlesim2.sim";"1758539726.147970437";"./src/turtle.cpp:update:288"
"Oh no! I hit the wall! (Clamping from [x=8.017190, y=-0.011988])";"30";"turtlesim1.sim";"1758539726.134251160";"./src/turtle.cpp:update:288"
"Oh no! I hit the wall! (Clamping from [x=7.987521, y=-0.011988])";"30";"turtlesim1.sim";"1758539726.118072262";"./src/turtle.cpp:update:288"
"Oh no! I hit the wall! (Clamping from [x=7.957851, y=-0.000637])";"30";"turtlesim1.sim";"1758539726.102832593";"./src/turtle.cpp:update:288"
